trial,seed,mean_anomalies_deg,max_eccentricity,max_eccentricity_excursion,delta_E_over_E,delta_L_over_L,final_delta_E_over_E,final_delta_L_over_L,integration_time_years,time_step_years,integrator,number_of_steps,sample_time_max_error_years,wall_time_seconds,passed_tolerance
0,20261004,"{""K2-138 b"": 17.65331338922479, ""K2-138 c"": 146.2887315536643, ""K2-138 d"": 224.26623585984424, ""K2-138 e"": 335.86795743037237, ""K2-138 f"": 31.409192607818667, ""K2-138 g"": 342.21600598298676}",0.07725951744494808,0.008054886636983283,8.873366680589532e-09,3.4483462307480326e-14,2.5515873842158995e-09,3.0339526922890415e-14,10.000036577057406,6.442409308692676e-05,whfast,155222,6.376621423598294e-05,0.378590800013626,True
1,20261004,"{""K2-138 b"": 92.12961818802214, ""K2-138 c"": 344.2971810467854, ""K2-138 d"": 352.19225997981806, ""K2-138 e"": 332.9638087896771, ""K2-138 f"": 2.9083878307391897, ""K2-138 g"": 31.543097411988327}",0.07826854416727586,0.006525424662583448,4.062668874331423e-09,3.4335464615173554e-14,8.588394848805286e-10,2.8119561538288684e-14,10.000036577057406,6.442409308692676e-05,whfast,155222,6.376621423598294e-05,0.37486769998213276,True
2,20261004,"{""K2-138 b"": 162.7663104193615, ""K2-138 c"": 83.7620154657887, ""K2-138 d"": 16.91181097368608, ""K2-138 e"": 301.75684561012105, ""K2-138 f"": 319.5523105889264, ""K2-138 g"": 38.10358181862917}",0.07700599358740484,0.013260552822034498,5.5924278482142e-09,1.7019734615279983e-14,1.6331146715183707e-09,6.511898461498428e-15,10.000036577057406,6.442409308692676e-05,whfast,155222,6.376621423598294e-05,0.3821422999899369,True
3,20261004,"{""K2-138 b"": 31.51086014237416, ""K2-138 c"": 321.16096219851215, ""K2-138 d"": 260.99375489145945, ""K2-138 e"": 272.26030450244525, ""K2-138 f"": 205.31540528719853, ""K2-138 g"": 151.28215257358815}",0.07849426216809872,0.006715054953248381,5.268052518264387e-09,1.5539757692212162e-14,1.1417504048725755e-09,6.363900769191648e-15,10.000036577057406,6.442409308692676e-05,whfast,155222,6.376621423598294e-05,0.3749158999999054,True
4,20261004,"{""K2-138 b"": 54.17882297568917, ""K2-138 c"": 234.56697818611, ""K2-138 d"": 275.95170377707865, ""K2-138 e"": 286.6272180998056, ""K2-138 f"": 266.5549522502954, ""K2-138 g"": 313.7295344032916}",0.07881761982137486,0.0072651919705675055,9.41461960696891e-09,2.1755660769097032e-14,7.104788737887063e-10,2.1755660769097032e-14,10.000036577057406,6.442409308692676e-05,whfast,155222,6.376621423598294e-05,0.3733424999809358,True
5,20261004,"{""K2-138 b"": 54.52710272680336, ""K2-138 c"": 351.3716075746979, ""K2-138 d"": 70.18016864902172, ""K2-138 e"": 14.13718329754579, ""K2-138 f"": 28.66640160047946, ""K2-138 g"": 29.887251803935897}",0.07768063664888931,0.008348366994414352,1.1629323424344612e-08,4.203134461512623e-14,2.843166084879859e-10,4.203134461512623e-14,10.000036577057406,6.442409308692676e-05,whfast,155222,6.376621423598294e-05,0.37885460001416504,True
6,20261004,"{""K2-138 b"": 294.5530271024778, ""K2-138 c"": 344.10223030974566, ""K2-138 d"": 83.91894788927432, ""K2-138 e"": 315.59242430269705, ""K2-138 f"": 66.70343486409831, ""K2-138 g"": 10.151526843766527}",0.0784186662186177,0.00873471032181275,5.436264378885857e-09,4.2327339999739796e-14,1.4624978919039048e-09,3.241149461518537e-14,10.000036577057406,6.442409308692676e-05,whfast,155222,6.376621423598294e-05,0.3748667000036221,True
7,20261004,"{""K2-138 b"": 246.97827600895172, ""K2-138 c"": 75.97445945373882, ""K2-138 d"": 29.629594595850975, ""K2-138 e"": 161.75528355839486, ""K2-138 f"": 328.64520425835934, ""K2-138 g"": 330.90866000194575}",0.07815684308246737,0.009212842319034117,7.101499476781495e-09,1.361578769222399e-14,3.835441867960213e-09,1.0359838461474775e-15,10.000036577057406,6.442409308692676e-05,whfast,155222,6.376621423598294e-05,0.3827361000003293,True
8,20261004,"{""K2-138 b"": 316.002146373913, ""K2-138 c"": 184.969453911387, ""K2-138 d"": 323.65513938683864, ""K2-138 e"": 348.2875375028528, ""K2-138 f"": 130.85533417062754, ""K2-138 g"": 237.29331649765427}",0.07832470427662555,0.00848069342132799,6.158747606388894e-09,3.403946923055998e-14,3.9480877488275105e-10,3.403946923055998e-14,10.000036577057406,6.442409308692676e-05,whfast,155222,6.376621423598294e-05,0.37646179998409934,True
9,20261004,"{""K2-138 b"": 60.563161760507626, ""K2-138 c"": 298.70705804245154, ""K2-138 d"": 9.748311155334331, ""K2-138 e"": 91.4714621919259, ""K2-138 f"": 70.76810275039693, ""K2-138 g"": 59.7527680697221}",0.07772325440896885,0.006533667728017903,6.0757177393822694e-09,3.019152923058363e-14,2.9349606088635975e-10,1.9239699999881727e-14,10.000036577057406,6.442409308692676e-05,whfast,155222,6.376621423598294e-05,0.38551619998179376,True
10,20261004,"{""K2-138 b"": 354.5052183241422, ""K2-138 c"": 93.29228881845162, ""K2-138 d"": 142.54442143841626, ""K2-138 e"": 205.61909004305426, ""K2-138 f"": 209.2516961754312, ""K2-138 g"": 205.789574136583}",0.07926755981058038,0.008390706027028488,1.0327123990878552e-08,1.5983750769132512e-14,6.084363610815979e-10,1.5095764615291815e-14,10.000036577057406,6.442409308692676e-05,whfast,155222,6.376621423598294e-05,0.3780457000248134,True
11,20261004,"{""K2-138 b"": 9.923529574210942, ""K2-138 c"": 110.24967549446193, ""K2-138 d"": 224.43896137305083, ""K2-138 e"": 16.04621360882751, ""K2-138 f"": 64.97560230391383, ""K2-138 g"": 128.84495233255484}",0.07897139526534108,0.00571197181421839,5.415371947004555e-09,2.5011609999846244e-14,1.6321515731349165e-09,1.5687755384518946e-14,10.000036577057406,6.442409308692676e-05,whfast,155222,6.376621423598294e-05,0.3766886999947019,True
12,20261004,"{""K2-138 b"": 95.74463890279021, ""K2-138 c"": 345.7657868173844, ""K2-138 d"": 254.84574243182934, ""K2-138 e"": 205.68960189727665, ""K2-138 f"": 143.17876793759646, ""K2-138 g"": 60.57569353796374}",0.0777022372921337,0.010823527356538257,5.441814576921922e-09,1.8055718461427464e-14,3.5835099295905865e-10,9.175856923020515e-15,10.000036577057406,6.442409308692676e-05,whfast,155222,6.376621423598294e-05,0.3719746999850031,True
13,20261004,"{""K2-138 b"": 248.36463988960432, ""K2-138 c"": 88.71216658492162, ""K2-138 d"": 329.47008211318865, ""K2-138 e"": 118.84813749938502, ""K2-138 f"": 245.7143812060067, ""K2-138 g"": 17.625549550639033}",0.07842418545920132,0.010044509150019643,1.3113244934485613e-08,3.3151483076719286e-14,2.916268990911553e-10,2.4419619230619116e-14,10.000036577057406,6.442409308692676e-05,whfast,155222,6.376621423598294e-05,0.3771855999948457,True
14,20261004,"{""K2-138 b"": 132.56167641757952, ""K2-138 c"": 289.65419924925953, ""K2-138 d"": 320.3455008472916, ""K2-138 e"": 116.04569921008728, ""K2-138 f"": 240.6137363390502, ""K2-138 g"": 175.9067581427769}",0.07818779286085777,0.009374892077799249,8.742135306163931e-09,2.2643646922937723e-14,4.2480826910577476e-09,1.894370461526816e-14,10.000036577057406,6.442409308692676e-05,whfast,155222,6.376621423598294e-05,0.37803929997608066,True
15,20261004,"{""K2-138 b"": 284.89120343261783, ""K2-138 c"": 275.7011023491995, ""K2-138 d"": 81.82410216699326, ""K2-138 e"": 268.5436072523147, ""K2-138 f"": 169.63647013290614, ""K2-138 g"": 88.53147173872885}",0.0779042375628645,0.005604896883464668,5.0936493793185796e-09,1.746372769220034e-14,3.3036467346071516e-09,1.2135810769156169e-14,10.000036577057406,6.442409308692676e-05,whfast,155222,6.376621423598294e-05,0.3723374000110198,True
16,20261004,"{""K2-138 b"": 158.20838162875683, ""K2-138 c"": 298.6400267084771, ""K2-138 d"": 319.4811163579431, ""K2-138 e"": 156.322825610375, ""K2-138 f"": 54.227970002515285, ""K2-138 g"": 89.194288859346}",0.07711975188191139,0.009114151033026797,7.456885424574e-09,4.9579226922772154e-14,1.129878608483391e-10,4.883923846123824e-14,10.000036577057406,6.442409308692676e-05,whfast,155222,6.376621423598294e-05,0.3750137999886647,True
17,20261004,"{""K2-138 b"": 349.07576769115906, ""K2-138 c"": 222.13014598653984, ""K2-138 d"": 89.31332559189941, ""K2-138 e"": 181.46859492999334, ""K2-138 f"": 21.669101579959154, ""K2-138 g"": 71.0056574530687}",0.07903250309884044,0.006955790704700003,8.197211300722552e-09,1.7611725384507118e-14,2.7668101039955587e-10,1.0507836153781558e-14,10.000036577057406,6.442409308692676e-05,whfast,155222,6.376621423598294e-05,0.3832424000138417,True
18,20261004,"{""K2-138 b"": 143.03947640672345, ""K2-138 c"": 210.43478322985507, ""K2-138 d"": 5.338667936277086, ""K2-138 e"": 240.35417280386312, ""K2-138 f"": 205.15155799253543, ""K2-138 g"": 13.788280349597176}",0.07917713598645852,0.008789925956952403,6.97018996959607e-09,1.539175999990538e-14,1.6559936645833389e-09,6.363900769191648e-15,10.000036577057406,6.442409308692676e-05,whfast,155222,6.376621423598294e-05,0.3729112999862991,True
19,20261004,"{""K2-138 b"": 270.19622026871787, ""K2-138 c"": 42.288634381728805, ""K2-138 d"": 47.499150220614254, ""K2-138 e"": 173.17199011875059, ""K2-138 f"": 206.9908940846211, ""K2-138 g"": 294.0826934535794}",0.0782176550097726,0.009450608060538414,6.723640094028439e-09,1.0951829230701905e-14,2.824451688553649e-09,7.69587999995269e-15,10.000036577057406,6.442409308692676e-05,whfast,155222,6.376621423598294e-05,0.37506040002335794,True
20,20261004,"{""K2-138 b"": 49.71229944816911, ""K2-138 c"": 51.09425295692588, ""K2-138 d"": 93.83144074980653, ""K2-138 e"": 316.2960875421587, ""K2-138 f"": 359.5210518651977, ""K2-138 g"": 37.025280054384034}",0.07872710083120928,0.010937919333611185,7.238267844997047e-09,5.179919230737387e-14,3.2952205629741086e-09,5.002321999969248e-14,10.000036577057406,6.442409308692676e-05,whfast,155222,6.376621423598294e-05,0.3835687999962829,True
21,20261004,"{""K2-138 b"": 345.8943943177004, ""K2-138 c"": 69.93675495648202, ""K2-138 d"": 345.1428859278596, ""K2-138 e"": 264.3201207255896, ""K2-138 f"": 129.60294064522174, ""K2-138 g"": 22.327733104093895}",0.0776892457991774,0.009774646240452399,6.868278448187253e-09,1.598375076913251e-14,4.292218382105657e-09,1.3467789999917206e-14,10.000036577057406,6.442409308692676e-05,whfast,155222,6.376621423598294e-05,0.3837679999996908,True
22,20261004,"{""K2-138 b"": 330.46302761647723, ""K2-138 c"": 140.05818341550855, ""K2-138 d"": 38.81032929989661, ""K2-138 e"": 153.3350667759582, ""K2-138 f"": 56.35426659545236, ""K2-138 g"": 358.51558176301575}",0.079069095781682,0.00781644342498998,5.906966746825453e-09,9.323854615327298e-15,2.772798941839907e-09,2.36796307690852e-15,10.000036577057406,6.442409308692676e-05,whfast,155222,6.376621423598294e-05,0.3829398000088986,True
23,20261004,"{""K2-138 b"": 101.1200663587185, ""K2-138 c"": 232.90782271450257, ""K2-138 d"": 328.240835936136, ""K2-138 e"": 137.05789761797476, ""K2-138 f"": 193.4084958882016, ""K2-138 g"": 75.47219684924985}",0.07738963303564916,0.011116968361596057,9.80830496731767e-09,3.655542999977528e-14,4.099582240873707e-09,3.3891471538253195e-14,10.000036577057406,6.442409308692676e-05,whfast,155222,6.376621423598294e-05,0.3807364999956917,True
24,20261004,"{""K2-138 b"": 278.2607792583823, ""K2-138 c"": 324.90102789141804, ""K2-138 d"": 208.7157814141931, ""K2-138 e"": 145.61403777295914, ""K2-138 f"": 69.61483239567009, ""K2-138 g"": 218.99408853021657}",0.07909310025117142,0.012191756551258794,7.880422428609362e-09,1.9387697692188508e-14,3.1019556665557394e-10,5.771909999964517e-15,10.000036577057406,6.442409308692676e-05,whfast,155222,6.376621423598294e-05,0.3737304999958724,True
25,20261004,"{""K2-138 b"": 217.519595646554, ""K2-138 c"": 20.919164160828924, ""K2-138 d"": 149.1077516127134, ""K2-138 e"": 112.5740041888938, ""K2-138 f"": 285.96705768625736, ""K2-138 g"": 307.21343043877783}",0.0789213752825393,0.010512096834296318,7.620288690457228e-09,1.479976923067825e-14,1.5456492991000861e-09,1.479976923067825e-15,10.000036577057406,6.442409308692676e-05,whfast,155222,6.376621423598294e-05,0.3748366000072565,True
26,20261004,"{""K2-138 b"": 339.8239033126563, ""K2-138 c"": 100.27026790103314, ""K2-138 d"": 240.10189283355305, ""K2-138 e"": 42.032798054423765, ""K2-138 f"": 29.673009934256527, ""K2-138 g"": 276.69254229261463}",0.07886750194862639,0.006044394226991594,7.327408222199712e-09,1.5835753076825724e-14,1.0925975461734674e-09,1.4799769230678248e-15,10.000036577057406,6.442409308692676e-05,whfast,155222,6.376621423598294e-05,0.38280729998950846,True
27,20261004,"{""K2-138 b"": 228.21031211345564, ""K2-138 c"": 275.98870744210984, ""K2-138 d"": 98.8872987730983, ""K2-138 e"": 255.1405299336489, ""K2-138 f"": 19.803232865585613, ""K2-138 g"": 265.6973417746628}",0.07706393491933816,0.008242972141558932,7.031956475797888e-09,1.613174846143929e-14,7.031956475797888e-09,1.0063843076861207e-14,10.000036577057406,6.442409308692676e-05,whfast,155222,6.376621423598294e-05,0.37785750001785345,True
28,20261004,"{""K2-138 b"": 234.1352946709218, ""K2-138 c"": 34.549168706769116, ""K2-138 d"": 5.075604039557766, ""K2-138 e"": 289.71567827326714, ""K2-138 f"": 38.81883321670606, ""K2-138 g"": 8.43626266671441}",0.07722022193520443,0.011928616054143838,7.2139257816891e-09,4.6471275384329714e-14,2.057987571827042e-09,4.2919330768966934e-14,10.000036577057406,6.442409308692676e-05,whfast,155222,6.376621423598294e-05,0.3753751000040211,True
29,20261004,"{""K2-138 b"": 346.9198775204722, ""K2-138 c"": 227.3162421456441, ""K2-138 d"": 213.06931600590968, ""K2-138 e"": 114.92161779177086, ""K2-138 f"": 245.66834286291453, ""K2-138 g"": 127.33177602354894}",0.07820256031318709,0.0061174911227793935,7.749888968777094e-09,1.7907720769120683e-14,1.5784349759082413e-10,1.006384307686121e-14,10.000036577057406,6.442409308692676e-05,whfast,155222,6.376621423598294e-05,0.3747661999950651,True
30,20261004,"{""K2-138 b"": 100.10860357548667, ""K2-138 c"": 141.58379238600654, ""K2-138 d"": 225.93002089350867, ""K2-138 e"": 85.68348010090297, ""K2-138 f"": 219.74363772429584, ""K2-138 g"": 177.93399015443546}",0.07741427840189168,0.008428950560636791,5.5053504342564165e-09,4.306732846127371e-14,1.7234370931502492e-09,3.241149461518537e-14,10.000036577057406,6.442409308692676e-05,whfast,155222,6.376621423598294e-05,0.3731395000068005,True
31,20261004,"{""K2-138 b"": 121.72315915485952, ""K2-138 c"": 299.3064947314715, ""K2-138 d"": 105.48380418159651, ""K2-138 e"": 228.30768437161862, ""K2-138 f"": 163.14700127192464, ""K2-138 g"": 286.7209645195289}",0.07734554745058789,0.009879535464067918,5.181782740114036e-09,2.989553384597006e-14,1.0168575865820742e-09,2.989553384597006e-14,10.000036577057406,6.442409308692676e-05,whfast,155222,6.376621423598294e-05,0.37587240000721067,True
